{
  "results": [
    {
      "command": "small (2 bp, 4 exp)",
      "mean": 0.14715568576000002,
      "stddev": 0.0062226740059039744,
      "median": 0.14705888596,
      "user": 0.16828609999999997,
      "system": 0.20740605999999998,
      "min": 0.13975398996000002,
      "max": 0.15585007296,
      "times": [
        0.14185794796,
        0.15084432296,
        0.14199869796,
        0.15585007296,
        0.14392090696,
        0.14036990696,
        0.15519257296,
        0.15019686496,
        0.13975398996000002,
        0.15157157396
      ],
      "memory_usage_byte": [
        74039296,
        74039296,
        74350592,
        74350592,
        74350592,
        74514432,
        74514432,
        74514432,
        74514432,
        74514432
      ],
      "exit_codes": [
        0,
        0,
        0,
        0,
        0,
        0,
        0,
        0,
        0,
        0
      ]
    },
    {
      "command": "medium (5 bp, 24 exp)",
      "mean": 0.15317558596,
      "stddev": 0.0038187555504575928,
      "median": 0.15397517796,
      "user": 0.1739696,
      "system": 0.20633915999999997,
      "min": 0.14669044896,
      "max": 0.15786161496,
      "times": [
        0.15046107396,
        0.15334632396,
        0.14843715596,
        0.15682294796000001,
        0.15146040696000002,
        0.15486736496,
        0.15786161496,
        0.14669044896,
        0.15460403196,
        0.15720448996
      ],
      "memory_usage_byte": [
        74514432,
        74514432,
        74514432,
        74514432,
        74514432,
        74514432,
        74514432,
        74514432,
        74514432,
        74514432
      ],
      "exit_codes": [
        0,
        0,
        0,
        0,
        0,
        0,
        0,
        0,
        0,
        0
      ]
    },
    {
      "command": "large (20 bp, 120 exp)",
      "mean": 0.18878554846,
      "stddev": 0.008989244645581597,
      "median": 0.18516046946000003,
      "user": 0.20876669999999997,
      "system": 0.20204215999999997,
      "min": 0.18038640696000002,
      "max": 0.21164494796000002,
      "times": [
        0.18601028196000002,
        0.18923594796,
        0.18431065696,
        0.19416723996000002,
        0.19062003196000002,
        0.18038640696000002,
        0.18406553196,
        0.18355557396000002,
        0.18385886496,
        0.21164494796000002
      ],
      "memory_usage_byte": [
        78331904,
        78757888,
        78757888,
        78757888,
        78757888,
        78757888,
        78757888,
        79167488,
        79167488,
        79167488
      ],
      "exit_codes": [
        0,
        0,
        0,
        0,
        0,
        0,
        0,
        0,
        0,
        0
      ]
    },
    {
      "command": "huge (50 bp, 600 exp)",
      "mean": 0.4257132734600001,
      "stddev": 0.005157256152093763,
      "median": 0.42592726096,
      "user": 0.45047810000000005,
      "system": 0.21334666000000002,
      "min": 0.41683182396,
      "max": 0.43238569896,
      "times": [
        0.42528344796,
        0.42986419796,
        0.42657107396000005,
        0.43179148996000005,
        0.41922582296000005,
        0.42495640596,
        0.42806894896000003,
        0.42215382396,
        0.43238569896,
        0.41683182396
      ],
      "memory_usage_byte": [
        112721920,
        112721920,
        112721920,
        112721920,
        112721920,
        112721920,
        112721920,
        112721920,
        113999872,
        113999872
      ],
      "exit_codes": [
        0,
        0,
        0,
        0,
        0,
        0,
        0,
        0,
        0,
        0
      ]
    },
    {
      "command": "insane (50 bp, ~6K exp)",
      "mean": 1.18144470646,
      "stddev": 0.023425376541930384,
      "median": 1.17452873996,
      "user": 1.2139766,
      "system": 0.26739515999999997,
      "min": 1.1571577399600002,
      "max": 1.2266569899600002,
      "times": [
        1.2266569899600002,
        1.2055859479600002,
        1.1587638229600001,
        1.17947623996,
        1.1686851149600002,
        1.20201748996,
        1.1571577399600002,
        1.16958123996,
        1.16016728096,
        1.18635519796
      ],
      "memory_usage_byte": [
        121094144,
        121094144,
        121110528,
        124092416,
        124092416,
        124092416,
        124092416,
        124092416,
        124092416,
        124092416
      ],
      "exit_codes": [
        0,
        0,
        0,
        0,
        0,
        0,
        0,
        0,
        0,
        0
      ]
    },
    {
      "command": "absurd (50 bp, ~25K exp)",
      "mean": 6.051593631759999,
      "stddev": 0.15326564968128573,
      "median": 5.98589565696,
      "user": 6.0764814000000005,
      "system": 0.44461835999999993,
      "min": 5.88505707296,
      "max": 6.3388023239599995,
      "times": [
        6.21592815696,
        6.3388023239599995,
        6.19318694796,
        5.93462657296,
        5.94583044896,
        5.88505707296,
        5.94449015696,
        6.101496614959999,
        6.02596086496,
        5.93055715696
      ],
      "memory_usage_byte": [
        249053184,
        249053184,
        251215872,
        251215872,
        251215872,
        251215872,
        251215872,
        251215872,
        251215872,
        251215872
      ],
      "exit_codes": [
        0,
        0,
        0,
        0,
        0,
        0,
        0,
        0,
        0,
        0
      ]
    }
  ]
}
