{
  "results": [
    {
      "command": "10 expectations",
      "mean": 0.1581856351,
      "stddev": 0.010443071974249471,
      "median": 0.15226086030000002,
      "user": 0.1762818,
      "system": 0.22222936,
      "min": 0.1486418398,
      "max": 0.17399779780000002,
      "times": [
        0.1499098398,
        0.1496025468,
        0.1486418398,
        0.1726879228,
        0.17015650580000002,
        0.17399779780000002,
        0.15256304780000002,
        0.15195867280000003,
        0.1504195888,
        0.1619185888
      ],
      "memory_usage_byte": [
        73711616,
        73711616,
        73711616,
        74121216,
        74121216,
        74121216,
        74121216,
        74121216,
        74121216,
        74121216
      ],
      "exit_codes": [
        0,
        0,
        0,
        0,
        0,
        0,
        0,
        0,
        0,
        0
      ]
    },
    {
      "command": "50 expectations",
      "mean": 0.17038996840000004,
      "stddev": 0.007374133432838229,
      "median": 0.16725021430000003,
      "user": 0.1902638,
      "system": 0.22432716,
      "min": 0.1634755058,
      "max": 0.18353667280000002,
      "times": [
        0.1753848808,
        0.16616742180000002,
        0.18353667280000002,
        0.16800283880000003,
        0.1634755058,
        0.16883267280000003,
        0.1664975898,
        0.1637525058,
        0.18221021480000002,
        0.16603938080000002
      ],
      "memory_usage_byte": [
        74514432,
        74514432,
        74514432,
        74514432,
        74514432,
        74514432,
        74514432,
        74514432,
        74514432,
        75055104
      ],
      "exit_codes": [
        0,
        0,
        0,
        0,
        0,
        0,
        0,
        0,
        0,
        0
      ]
    },
    {
      "command": "100 expectations",
      "mean": 0.18330464740000002,
      "stddev": 0.005472168332003916,
      "median": 0.1824019433,
      "user": 0.20390800000000003,
      "system": 0.21183136,
      "min": 0.17700138080000002,
      "max": 0.19261450580000003,
      "times": [
        0.18789604680000002,
        0.17944913080000002,
        0.1819763808,
        0.17700138080000002,
        0.17876938080000002,
        0.18494533880000003,
        0.19261450580000003,
        0.1901646308,
        0.1828275058,
        0.1774021728
      ],
      "memory_usage_byte": [
        78135296,
        78135296,
        78135296,
        78135296,
        78135296,
        78135296,
        79052800,
        79052800,
        79052800,
        79052800
      ],
      "exit_codes": [
        0,
        0,
        0,
        0,
        0,
        0,
        0,
        0,
        0,
        0
      ]
    },
    {
      "command": "500 expectations",
      "mean": 0.34654972250000005,
      "stddev": 0.013851723825538363,
      "median": 0.34272013079999997,
      "user": 0.36405089999999996,
      "system": 0.24550585999999996,
      "min": 0.3317145058,
      "max": 0.3751815478,
      "times": [
        0.3751815478,
        0.3459613808,
        0.3373468398,
        0.3564528808,
        0.3394788808,
        0.3317145058,
        0.3519777138,
        0.3363214638,
        0.3329273808,
        0.3581346308
      ],
      "memory_usage_byte": [
        97550336,
        97550336,
        97550336,
        97550336,
        97550336,
        97550336,
        97550336,
        97550336,
        97550336,
        97550336
      ],
      "exit_codes": [
        0,
        0,
        0,
        0,
        0,
        0,
        0,
        0,
        0,
        0
      ]
    },
    {
      "command": "1000 expectations",
      "mean": 0.6542047767000001,
      "stddev": 0.013485955201607603,
      "median": 0.6590757143000001,
      "user": 0.6764873,
      "system": 0.24810875999999996,
      "min": 0.6319061728,
      "max": 0.6736748388000001,
      "times": [
        0.6651429228000001,
        0.6406760058000001,
        0.6569482138000001,
        0.6420712558,
        0.6647057138000001,
        0.6612032148000001,
        0.6444858808,
        0.6736748388000001,
        0.6612335478000001,
        0.6319061728
      ],
      "memory_usage_byte": [
        122961920,
        122961920,
        122961920,
        122961920,
        122961920,
        122961920,
        122961920,
        122961920,
        122961920,
        122961920
      ],
      "exit_codes": [
        0,
        0,
        0,
        0,
        0,
        0,
        0,
        0,
        0,
        0
      ]
    }
  ]
}
